obj_name,campaign,ap_start,ap_end,count,EPIC_ID,main_type,sub_type,new_obj_name,clean_name,alternate_names,PROPOSERS,IDS
Asteroid.Trojan.Leucus,111|112,200125327,200145290,2999,,asteroid-Trojan,Leucus,Asteroid.Trojan.Leucus,Leucus,11351|1997 TS25|Leucus,Parker|Ryan,GO11100|GO11051
2013 A1 (Siding Springs),2,200001787,200004369,2583,,comet,2013 A1 (Siding Springs),2013 A1 (Siding Springs),2013 A1 (Siding Springs),Siding Spring,Lisse|Kelley,GO2046|GO2030
Churyumov-Gerasimenko,10,200081804,200084003,2200,,comet,67P/Churyumov-Gerasimenko,Churyumov-Gerasimenko,Churyumov-Gerasimenko,67P,Snodgrass,GO10904
Asteroid.Ryugu,15,200193072,200194787,1716,,,,Asteroid.Ryugu,Ryugu,162173|Ryugu|1999 JU3,Kiss,GO15061
Asteroid.Trojan.2001 DU87,111|112,200113657,200134731,1700,,asteroid-Trojan,2001 DU87,Asteroid.Trojan.2001 DU87,2001 DU87,2001 DU87|63291,Pal|Parker|Ryan,GO11114|GO11100|GO11051
Asteroid.Trojan.2001 SE182,111|112,200118031,200138874,1592,,asteroid-Trojan,2001 SE182,Asteroid.Trojan.2001 SE182,2001 SE182,156085|2001 SE182,Pal|Parker|Ryan,GO11114|GO11100|GO11051
Asteroid.Trojan.1999 XM193,111|112,200109156,200131695,1573,,asteroid-Trojan,1999 XM193,Asteroid.Trojan.1999 XM193,1999 XM193,1999 XM193|20739,Pal|Parker|Ryan,GO11114|GO11100|GO11051
Asteroid.Trojan.2001 OB100,111|112,200114979,200135824,1566,,asteroid-Trojan,2001 OB100,Asteroid.Trojan.2001 OB100,2001 OB100,2001 OB100|39301,Pal|Parker|Ryan,GO11114|GO11100|GO11051
Asteroid.Trojan.Tuckia,111|112,200128178,200147343,1464,,asteroid-Trojan,Tuckia,Asteroid.Trojan.Tuckia,Tuckia,1038|1924 TK|Tuckia,Parker|Ryan,GO11100|GO11051
Asteroid.Trojan.1999 CL153,111|112,200108462,200130951,1373,,asteroid-Trojan,1999 CL153,Asteroid.Trojan.1999 CL153,1999 CL153,1999 CL153|59355,Pal|Parker|Ryan,GO11114|GO11100|GO11051
Comet.Chiron,12,200161173,200164266,1350,,comet,Chiron,Comet.Chiron,Chiron,1977 UB|2060|Chiron,Ryan|Golden,GO12051|GO12033
TNO (250112) 2002 KY14,4,200006425,200007764,1340,,TNO, (250112) 2002 KY14,2002 KY14,250112,250112|2002 KY14,,
Comet.176P,12,200147538,200148831,1294,,comet,176P,Comet.176P,176P,,Golden,GO12033
TNO.1999 TS40,8,200063238,200064506,1269,,TNO,1999 TS40,TNO.1999 TS40,1999 TS40,1999 TS40|20628,Ryan,GO8010
Comet.228P,12,200158279,200159543,1265,,comet,228P,Comet.228P,228P,,Golden,GO12033
Asteroid.Trojan.1981 EK47,12,200148832,200150087,1256,,asteroid-Trojan,1981 EK47,Asteroid.Trojan.1981 EK47,1981 EK47,1981 EK47|30764,Ryan,GO12051
TNO.2007 RY194,8,200066687,200067921,1235,,TNO,2007 RY194,TNO.2007 RY194,2007 RY194,2007 RY194|402869,Ryan,GO8010
Asteroid.Trojan.2001 UK113,12,200155327,200156554,1228,,asteroid-Trojan,2001 UK113,Asteroid.Trojan.2001 UK113,2001 UK113,2001 UK113|55505,Ryan,GO12051
Asteroid.Trojan.2000 WW146,13,200169492,200170705,1214,,asteroid-Trojan,2000 WW146,Asteroid.Trojan.2000 WW146,2000 WW146,193449|2000 WW146,Ryan,GO13051
Asteroid.Hilda.2004 TN126,10,200077913,200079072,1160,,asteroid-Hilda,2004 TN126,Asteroid.Hilda.2004 TN126,2004 TN126,152133|2004 TN126,Ryan,GO10010
TNO.Quaoar,91|92,200068780,200069356,1154,,TNO,Quaoar,TNO.Quaoar,Quaoar,2002 LM60|50000|Quaoar,,
Asteroid.Trojan.1999 XS226,111|112,200109985,200132251,1115,,asteroid-Trojan,1999 XS226,Asteroid.Trojan.1999 XS226,1999 XS226,162352|1999 XS226,Pal|Parker|Ryan,GO11114|GO11100|GO11051
Asteroid.Hilda.1992 ET32,10,200072855,200073967,1113,,asteroid-Hilda,1992 ET32,Asteroid.Hilda.1992 ET32,1992 ET32,1992 ET32|43818,Ryan,GO10010
Asteroid.Trojan.Ialmenus,111|112,200124693,200143749,1112,,asteroid-Trojan,Ialmenus,Asteroid.Trojan.Ialmenus,Ialmenus,1998 YW1|21602|Ialmenus,Pal|Parker|Ryan,GO11114|GO11100|GO11051
Asteroid.Trojan.2001 OR24,111|112,200116820,200137412,1112,,asteroid-Trojan,2001 OR24,Asteroid.Trojan.2001 OR24,2001 OR24,124174|2001 OR24,Pal|Parker|Ryan,GO11114|GO11100|GO11051
Comet.90P,12,200159544,200160634,1091,,comet,90P,Comet.90P,90P,,Golden,GO12033
Asteroid.Hilda.2000 DV76,10,200076283,200077338,1056,,asteroid-Hilda,2000 DV76,Asteroid.Hilda.2000 DV76,2000 DV76,2000 DV76|92284,Ryan,GO10010
TNO.2006 UB219,8,200065666,200066686,1021,,TNO,2006 UB219,TNO.2006 UB219,2006 UB219,185290|2006 UB219,Ryan,GO8010
Asteroid.Trojan.2000 DY4,111|112,200111766,200133457,988,,asteroid-Trojan,2000 DY4,Asteroid.Trojan.2000 DY4,2000 DY4,2000 DY4|41427,Pal|Parker|Ryan,GO11114|GO11100|GO11051
Asteroid.Hilda.2000 DP99,10,200074497,200075480,984,,asteroid-Hilda,2000 DP99,Asteroid.Hilda.2000 DP99,2000 DP99,148227|2000 DP99,Ryan,GO10010
Comet.246P,13,200172597,200173563,967,,comet,246P,Comet.246P,246P,,Golden,GO13033
Comet.17P,14,200176225,200177187,963,,comet,17P,Comet.17P,17P,,Ryan,GO14086
Asteroid.Trojan.1998 XA13,111|112,200107527,200129842,955,,asteroid-Trojan,1998 XA13,Asteroid.Trojan.1998 XA13,1998 XA13,1998 XA13|23968,Pal|Parker|Ryan,GO11114|GO11100|GO11051
Asteroid.Trojan.2001 OP94,111|112,200116360,200136853,921,,asteroid-Trojan,2001 OP94,Asteroid.Trojan.2001 OP94,2001 OP94,158158|2001 OP94,Pal|Parker|Ryan,GO11114|GO11100|GO11051
TROJAN (15529),6,200046167,200047086,920,,asteroid-Trojan,-15529,TROJAN (15529),15529,15529|2000 AA80,Ryan,GO6025
Asteroid.Trojan.2000 QT59,12,200151470,200152384,915,,asteroid-Trojan,2000 QT59,Asteroid.Trojan.2000 QT59,2000 QT59,130453|2000 QT59,Ryan,GO12051
Asteroid.Trojan.2001 TG218,12,200153529,200154436,908,,asteroid-Trojan,2001 TG218,Asteroid.Trojan.2001 TG218,2001 TG218,2001 TG218|83801,Ryan,GO12051
Asteroid.Trojan.1998 XX93,111|112,200108007,200130272,885,,asteroid-Trojan,1998 XX93,Asteroid.Trojan.1998 XX93,1998 XX93,11397|1998 XX93,Pal|Parker|Ryan,GO11114|GO11100|GO11051
Asteroid.Hilda.Chijagerbs,10,200084012,200084870,859,,asteroid-Hilda,Chijagerbs,Asteroid.Hilda.Chijagerbs,Chijagerbs,16232|2000 ED152|Chijagerbs,Ryan,GO10010
Asteroid.Trojan.2002 EX154,111|112,200119241,200139715,832,,asteroid-Trojan,2002 EX154,Asteroid.Trojan.2002 EX154,2002 EX154,2002 EX154|258683,Pal|Parker|Ryan,GO11114|GO11100|GO11051
Asteroid.Trojan.Lipperhey,12,200163044,200163874,831,,asteroid-Trojan,Lipperhey,Asteroid.Trojan.Lipperhey,Lipperhey,1998 HX147|31338|Lipperhey,Ryan,GO12051
Asteroid.Hilda.2005 VZ17,10,200079669,200080499,831,,asteroid-Hilda,2005 VZ17,Asteroid.Hilda.2005 VZ17,2005 VZ17,177943|2005 VZ17,Ryan,GO10010
TROJAN (13372),6,200044895,200045697,803,,asteroid-Trojan,-13372,TROJAN (13372),13372,13372|1998 VU6,Ryan,GO6025
Asteroid.Hilda.2000 DS8,10,200075481,200076282,802,,asteroid-Hilda,2000 DS8,Asteroid.Hilda.2000 DS8,2000 DS8,2000 DS8|92281,Ryan,GO10010
Asteroid.Hilda.2005 UR38,10|15,200079073,200187527,785,,asteroid-Hilda,2005 UR38,Asteroid.Hilda.2005 UR38,2005 UR38,161606|2005 UR38,Pal|Ryan|Ryan|Grundy|Pal|Ryan|Ryan|Grundy|Marciniak|Pal|Ryan|Golden|Pal|Ryan|Golden|Pal|Parker|Ryan|Snodgrass|Kiss|Ryan,GO15098|GO15086|GO15085|GO15073|GO14098|GO14086|GO14085|GO14073|GO14059|GO13114|GO13051|GO13033|GO12114|GO12051|GO12033|GO11114|GO11100|GO11051|GO10904|GO10075|GO10010
Asteroid.Trojan.2008 SG182,111|112,200122158,200141840,778,,asteroid-Trojan,2008 SG182,Asteroid.Trojan.2008 SG182,2008 SG182,2008 SG182|207892,Pal|Parker|Ryan,GO11114|GO11100|GO11051
Comet.130P,15,200183159,200183930,772,,comet,130P,Comet.130P,130P,,Ryan,GO15086
Asteroid.Trojan.2001 PJ4,111|112,200117373,200137794,763,,asteroid-Trojan,2001 PJ4,Asteroid.Trojan.2001 PJ4,2001 PJ4,2001 PJ4|217032,Pal|Parker|Ryan,GO11114|GO11100|GO11051
Asteroid.Hilda.1988 RO12,10|15,200071712,200184740,749,,asteroid-Hilda,1988 RO12,Asteroid.Hilda.1988 RO12,1988 RO12,1988 RO12|90704,Ryan|Ryan|Grundy|Pal|Ryan|Ryan|Grundy|Marciniak|Pal|Ryan|Golden|Pal|Ryan|Golden|Pal|Parker|Ryan|Snodgrass|Kiss|Ryan,GO15086|GO15085|GO15073|GO14098|GO14086|GO14085|GO14073|GO14059|GO13114|GO13051|GO13033|GO12114|GO12051|GO12033|GO11114|GO11100|GO11051|GO10904|GO10075|GO10010
TROJAN (39301),6,200053051,200053781,731,,asteroid-Trojan,-39301,TROJAN (39301),39301,2001 OB100|39301,Ryan,GO6025
TROJAN (23939),6,200049196,200049925,730,,asteroid-Trojan,-23939,TROJAN (23939),23939,1998 TV33|23939,Ryan,GO6025
TNO.469505,15,200191605,200192327,723,,TNO,469505,TNO.469505,469505,2003 FE128|469505,Pal|Grundy,GO15098|GO15073
TROJAN (13366),6,200044184,200044894,711,,asteroid-Trojan,-13366,TROJAN (13366),13366,13366|1998 US24,Ryan,GO6025
TNO.1999 VG135,8,200064507,200065199,693,,TNO,1999 VG135,TNO.1999 VG135,1999 VG135,1999 VG135|202992,Ryan,GO8010
Asteroid.Trojan.2008 RR51,12,200156943,200157633,691,,asteroid-Trojan,2008 RR51,Asteroid.Trojan.2008 RR51,2008 RR51,2008 RR51|216411,Ryan,GO12051
Trojan 2001 SM251,7,200061463,200062140,678,,asteroid-Trojan, 2001 SM251,Trojan 2001 SM251,2001 SM251,2001 SM251|77893,Ryan,GO7025
Asteroid.Trojan.2001 OH76,111|112,200116032,200136392,670,,asteroid-Trojan,2001 OH76,Asteroid.Trojan.2001 OH76,2001 OH76,2001 OH76|77734,Pal|Parker|Ryan,GO11114|GO11100|GO11051
TNO (278361) 2007 JJ43,2,200001126,200001786,661,,TNO, (278361) 2007 JJ43,2007 JJ43,2007 JJ43,,,
TNO.160147,15,200183931,200184585,655,,TNO,160147,TNO.160147,160147,160147|2001 KN76,Grundy,GO15073
Asteroid.Hilda.1989 VW,10|15,200072306,200185004,644,,asteroid-Hilda,1989 VW,Asteroid.Hilda.1989 VW,1989 VW,1989 VW|7284,Ryan|Ryan|Grundy|Pal|Ryan|Ryan|Grundy|Marciniak|Pal|Ryan|Golden|Pal|Ryan|Golden|Pal|Parker|Ryan|Snodgrass|Kiss|Ryan,GO15086|GO15085|GO15073|GO14098|GO14086|GO14085|GO14073|GO14059|GO13114|GO13051|GO13033|GO12114|GO12051|GO12033|GO11114|GO11100|GO11051|GO10904|GO10075|GO10010
TNO.2013 JV65,15,200188972,200189607,636,,TNO,2013 JV65,TNO.2013 JV65,2013 JV65,2013 JV65,Grundy,GO15073
Asteroid.Trojan.Kamerlingh,12,200162431,200163043,613,,asteroid-Trojan,Kamerlingh,Asteroid.Trojan.Kamerlingh,Kamerlingh,1993 TE40|58279|Kamerlingh,Ryan,GO12051
Asteroid.Trojan.2001 SM251,12,200152578,200153187,610,,asteroid-Trojan,2001 SM251,Asteroid.Trojan.2001 SM251,2001 SM251,2001 SM251|77893,Ryan,GO12051
Asteroid.Trojan.2000 KJ1,111|112,200112364,200133871,608,,asteroid-Trojan,2000 KJ1,Asteroid.Trojan.2000 KJ1,2000 KJ1,2000 KJ1|27561,Pal|Parker|Ryan,GO11114|GO11100|GO11051
Moon.Enceladus,111|112,200124091,200142897,607,,moon,Enceladus,Moon.Enceladus,Enceladus,,Pal|Parker|Ryan,GO11114|GO11100|GO11051
Asteroid.Trojan.2002 TE13,111|112,200120529,200140688,603,,asteroid-Trojan,2002 TE13,Asteroid.Trojan.2002 TE13,2002 TE13,142470|2002 TE13,Pal|Parker|Ryan,GO11114|GO11100|GO11051
Asteroid.Trojan.Phyleus,111|112,200127609,200146320,600,,asteroid-Trojan,Phyleus,Asteroid.Trojan.Phyleus,Phyleus,1973 SZ|39463|Phyleus,Parker|Ryan,GO11100|GO11051
TNO.2001 HZ58,15,200186324,200186919,596,,TNO,2001 HZ58,TNO.2001 HZ58,2001 HZ58,2001 HZ58,Grundy,GO15073
TNO.2003 FC128,10,200077339,200077912,574,,TNO,2003 FC128,TNO.2003 FC128,2003 FC128,127871|2003 FC128,Kiss,GO10075
TNO (126154) 2001 YH140,5,200008716,200009280,565,,TNO, (126154) 2001 YH140,2001 YH140,126154,126154|2001 YH140,,
TROJAN (24534),6,200050619,200051168,550,,asteroid-Trojan,-24534,TROJAN (24534),24534,2001 CX27|24534,Ryan,GO6025
TNO.2014 WO509,14,200178313,200178857,545,,TNO,2014 WO509,TNO.2014 WO509,2014 WO509,2014 WO509,Grundy,GO14073
Asteroid.Trojan.1989 CW1,111|112,200107039,200129301,542,,asteroid-Trojan,1989 CW1,Asteroid.Trojan.1989 CW1,1989 CW1,1989 CW1|5209,Pal|Parker|Ryan,GO11114|GO11100|GO11051
Asteroid.Trojan.1998 KZ12,12,200150337,200150876,540,,asteroid-Trojan,1998 KZ12,Asteroid.Trojan.1998 KZ12,1998 KZ12,1998 KZ12|65989,Ryan,GO12051
Asteroid.Trojan.Anchialos,111|112,200123827,200142603,537,,asteroid-Trojan,Anchialos,Asteroid.Trojan.Anchialos,Anchialos,18263|5167 T-2|Anchialos,Pal|Parker|Ryan,GO11114|GO11100|GO11051
Asteroid.Trojan.2000 BQ21,111|112,200110884,200132853,534,,asteroid-Trojan,2000 BQ21,Asteroid.Trojan.2000 BQ21,2000 BQ21,2000 BQ21|60401,Pal|Parker|Ryan,GO11114|GO11100|GO11051
TNO.2011 JF31,15,200188440,200188971,532,,TNO,2011 JF31,TNO.2011 JF31,2011 JF31,2011 JF31|471318,Pal|Grundy,GO15098|GO15073
Asteroid.Trojan.2002 EQ149,111|112,200118976,200139295,532,,asteroid-Trojan,2002 EQ149,Asteroid.Trojan.2002 EQ149,2002 EQ149,141523|2002 EQ149,Pal|Parker|Ryan,GO11114|GO11100|GO11051
TNO.1999 DE9,10,200073968,200074496,529,,TNO,1999 DE9,TNO.1999 DE9,1999 DE9,1999 DE9|26375,Kiss,GO10075
TROJAN (16152),6,200047329,200047846,518,,asteroid-Trojan,-16152,TROJAN (16152),16152,16152|1999 YN12,Ryan,GO6025
Asteroid.Trojan.1999 XJ55,15,200185207,200185715,509,,asteroid-Trojan,1999 XJ55,Asteroid.Trojan.1999 XJ55,1999 XJ55,1999 XJ55|247019,Ryan,GO15085
Asteroid.Trojan.2008 VE11,13,200171847,200172355,509,,asteroid-Trojan,2008 VE11,Asteroid.Trojan.2008 VE11,2008 VE11,2008 VE11|403237,Ryan,GO13051
Asteroid.Trojan.2009 QB22,111|112,200122756,200142170,503,,asteroid-Trojan,2009 QB22,Asteroid.Trojan.2009 QB22,2009 QB22,2009 QB22|264029,Pal|Parker|Ryan,GO11114|GO11100|GO11051
TNO.80806,14,200181221,200181722,502,,TNO,80806,TNO.80806,80806,2000 CM105|80806,Grundy,GO14073
TNO.2014 WA510,14,200177657,200178151,495,,TNO,2014 WA510,TNO.2014 WA510,2014 WA510,2014 WA510,Grundy,GO14073
TROJAN (46302),6,200054181,200054673,493,,asteroid-Trojan,-46302,TROJAN (46302),46302,2001 OG13|46302,Ryan,GO6025
TNO.2010 ET65,10,200080834,200081324,491,,TNO,2010 ET65,TNO.2010 ET65,2010 ET65,2010 ET65|471137,Kiss,GO10075
Asteroid.Trojan.2001 FV58,111|112,200114497,200134976,490,,asteroid-Trojan,2001 FV58,Asteroid.Trojan.2001 FV58,2001 FV58,107804|2001 FV58,Pal|Parker|Ryan,GO11114|GO11100|GO11051
Asteroid.Trojan.2001 OG13,111|112,200115771,200136050,487,,asteroid-Trojan,2001 OG13,Asteroid.Trojan.2001 OG13,2001 OG13,2001 OG13|46302,Pal|Parker|Ryan,GO11114|GO11100|GO11051
Asteroid.Trojan.2001 TQ142,12,200154845,200155326,482,,asteroid-Trojan,2001 TQ142,Asteroid.Trojan.2001 TQ142,2001 TQ142,2001 TQ142|77903,Ryan,GO12051
TNO.2010 FC49,10,200081325,200081803,479,,TNO,2010 FC49,TNO.2010 FC49,2010 FC49,2010 FC49|471150,Kiss,GO10075
TROJAN (65257),6,200058563,200059040,478,,asteroid-Trojan,-65257,TROJAN (65257),65257,2002 FU36|65257,Ryan,GO6025
Asteroid.Trojan.2002 GD118,111|112,200119653,200139953,476,,asteroid-Trojan,2002 GD118,Asteroid.Trojan.2002 GD118,2002 GD118,2002 GD118|226053,Pal|Parker|Ryan,GO11114|GO11100|GO11051
TNO.2014 EZ51,15,200189697,200190171,475,,TNO,2014 EZ51,TNO.2014 EZ51,2014 EZ51,2014 EZ51,Pal|Grundy,GO15098|GO15073
Neptune,3,200004468,200004923,456,,planet,Neptune,Neptune,Neptune,799,Schaefer|Rowe|Gaulme,GO3115|GO3060|GO3057
TROJAN (5123),6,200054909,200055353,445,,asteroid-Trojan,-5123,TROJAN (5123),5123,1989 BL|5123,Ryan,GO6025
Asteroid.Trojan.Medon,111|112,200127110,200145761,442,,asteroid-Trojan,Medon,Asteroid.Trojan.Medon,Medon,1989 CK1|4836|Medon,Parker|Ryan,GO11100|GO11051
Comet.50P,14,200180261,200180699,439,,comet,50P,Comet.50P,50P,,Ryan,GO14086
Asteroid.Trojan.2002 CR306,13,200170706,200171140,435,,asteroid-Trojan,2002 CR306,Asteroid.Trojan.2002 CR306,2002 CR306,195204|2002 CR306,Ryan,GO13051
TROJAN (228102),6,200048775,200049195,421,,asteroid-Trojan,-228102,TROJAN (228102),228102,2008 SY172|228102,Ryan,GO6025
TNO.2010 PL66,12,200157634,200158050,417,,TNO,2010 PL66,TNO.2010 PL66,2010 PL66,2010 PL66|499522,Pal,GO12114
Asteroid.Trojan.2001 TL98,12,200154437,200154844,408,,asteroid-Trojan,2001 TL98,Asteroid.Trojan.2001 TL98,2001 TL98,2001 TL98|83722,Ryan,GO12051
TROJAN (58480),6,200056650,200057035,386,,asteroid-Trojan,-58480,TROJAN (58480),58480,1996 RJ33|58480,Ryan,GO6025
TROJAN (5436),6,200055882,200056266,385,,asteroid-Trojan,-5436,TROJAN (5436),5436,1990 DK|5436|Eumelos,Ryan,GO6025
TROJAN (65240),6,200058180,200058562,383,,asteroid-Trojan,-65240,TROJAN (65240),65240,2002 EU106|65240,Ryan,GO6025
Trojan 2005 CB68,7,200062141,200062523,383,,asteroid-Trojan, 2005 CB68,Trojan 2005 CB68,2005 CB68,134193|2005 CB68,Ryan,GO7025
TROJAN (51930),6,200055354,200055720,367,,asteroid-Trojan,-51930,TROJAN (51930),51930,2001 QW127|51930,Ryan,GO6025
TROJAN (113224),6,200042232,200042597,366,,asteroid-Trojan,-113224,TROJAN (113224),113224,113224|2002 RN121,Ryan,GO6025
TROJAN (13185),6,200043759,200044119,361,,asteroid-Trojan,-13185,TROJAN (13185),13185,13185|1996 TH52|Agasthenes,Ryan,GO6025
Comet.P2016 A3,14,200182235,200182587,353,,comet,P2016 A3,Comet.P2016 A3,P2016 A3,,Ryan,GO14086
TROJAN (12238),6,200042781,200043131,351,,asteroid-Trojan,-12238,TROJAN (12238),12238,12238|1987 YU1|Actor,Ryan,GO6025
TNO.2000 WC140,8,200065200,200065547,348,,TNO,2000 WC140,TNO.2000 WC140,2000 WC140,2000 WC140|203157,Ryan,GO8010
TROJAN (8550),6,200059880,200060226,347,,asteroid-Trojan,-8550,TROJAN (8550),8550,1994 PV24|8550|Hesiodos,Ryan,GO6025
TROJAN (99276),6,200060803,200061149,347,,asteroid-Trojan,-99276,TROJAN (99276),99276,2001 QC20|99276,Ryan,GO6025
Asteroid.Trojan.2002 RN121,111|112,200120357,200140396,344,,asteroid-Trojan,2002 RN121,Asteroid.Trojan.2002 RN121,2002 RN121,113224|2002 RN121,Pal|Parker|Ryan,GO11114|GO11100|GO11051
Asteroid.Trojan.2000 UX34,13,200169149,200169491,343,,asteroid-Trojan,2000 UX34,Asteroid.Trojan.2000 UX34,2000 UX34,193354|2000 UX34,Ryan,GO13051
Asteroid.Trojan.2010 VM61,15,200188098,200188439,342,,asteroid-Trojan,2010 VM61,Asteroid.Trojan.2010 VM61,2010 VM61,2010 VM61|316484,Ryan,GO15085
TROJAN (13379),6,200045698,200046039,342,,asteroid-Trojan,-13379,TROJAN (13379),13379,13379|1998 WX9,Ryan,GO6025
Asteroid.Hilda.Semois,14,200182588,200182924,337,,asteroid-Hilda,Semois,Asteroid.Hilda.Semois,Semois,1988 SQ|7174|Semois,Ryan,GO14085
Asteroid.Hilda.2008 DN52,10,200080500,200080833,334,,asteroid-Hilda,2008 DN52,Asteroid.Hilda.2008 DN52,2008 DN52,2008 DN52|341841,Ryan,GO10010
Comet.331P,14,200179738,200180070,333,,comet,331P,Comet.331P,331P,,Ryan,GO14086
Comet.2014 W2,15,200190928,200191256,329,,comet,2014 W2,Comet.2014 W2,2014 W2,2014 W2|C/2014 W2|PANSTARRS,Ryan,GO15086
TROJAN (83984),6,200059551,200059879,329,,asteroid-Trojan,-83984,TROJAN (83984),83984,2002 GL77|83984,Ryan,GO6025
TNO.Borasisi,12,200160635,200160957,323,,TNO,Borasisi,TNO.Borasisi,Borasisi,1999 RZ253|66652|Borasisi,Pal,GO12114
TROJAN (129602),6,200043132,200043447,316,,asteroid-Trojan,-129602,TROJAN (129602),129602,129602|1997 WA12,Ryan,GO6025
Asteroid.Trojan.2001 RS52,111|112,200117874,200138073,315,,asteroid-Trojan,2001 RS52,Asteroid.Trojan.2001 RS52,2001 RS52,2001 RS52|313206,Pal|Parker|Ryan,GO11114|GO11100|GO11051
TROJAN (59049),6,200057036,200057345,310,,asteroid-Trojan,-59049,TROJAN (59049),59049,1998 TC31|59049,Ryan,GO6025
Asteroid.Trojan.2007 RL162,111|112,200121861,200141278,306,,asteroid-Trojan,2007 RL162,Asteroid.Trojan.2007 RL162,2007 RL162,2007 RL162|228009,Pal|Parker|Ryan,GO11114|GO11100|GO11051
TROJAN (23958),6,200050053,200050357,305,,asteroid-Trojan,-23958,TROJAN (23958),23958,1998 VD30|23958,Ryan,GO6025
TROJAN (3655),6,200051814,200052110,297,,asteroid-Trojan,-3655,TROJAN (3655),3655,1978 SA3|3655|Eupraksia,Ryan,GO6025
TROJAN (39270),6,200052467,200052760,294,,asteroid-Trojan,-39270,TROJAN (39270),39270,2001 AH11|39270,Ryan,GO6025
Asteroid.Trojan.Xanthomalitia,12,200163875,200164166,292,,asteroid-Trojan,Xanthomalitia,Asteroid.Trojan.Xanthomalitia,Xanthomalitia,1985 QX4|7394|Xanthomalitia,Ryan,GO12051
Asteroid.Trojan.2006 QA138,111|112,200121604,200141002,292,,asteroid-Trojan,2006 QA138,Asteroid.Trojan.2006 QA138,2006 QA138,175471|2006 QA138,Pal|Parker|Ryan,GO11114|GO11100|GO11051
Asteroid.Trojan.2000 QG199,12,200150964,200151254,291,,asteroid-Trojan,2000 QG199,Asteroid.Trojan.2000 QG199,2000 QG199,2000 QG199|98002,Ryan,GO12051
Asteroid.Trojan.Hooke,111|112,200124548,200143186,290,,asteroid-Trojan,Hooke,Asteroid.Trojan.Hooke,Hooke,1971 UJ|3514|Hooke,Pal|Parker|Ryan,GO11114|GO11100|GO11051
Asteroid.Trojan.Echion,111|112,200124404,200143041,288,,asteroid-Trojan,Echion,Asteroid.Trojan.Echion,Echion,13229|1997 VB1|Echion,Pal|Parker|Ryan,GO11114|GO11100|GO11051
Asteroid.Hilda.174077,14,200175720,200176001,282,,asteroid-Hilda,174077,Asteroid.Hilda.174077,174077,174077|2002 FP21,Ryan,GO14085
TNO.1999 TJ90,8,200062957,200063237,281,,TNO,1999 TJ90,TNO.1999 TJ90,1999 TJ90,1999 TJ90|20630,Ryan,GO8010
Asteroid.Trojan.31819,14,200179458,200179737,280,,asteroid-Trojan,31819,Asteroid.Trojan.31819,31819,1999 RS150|31819,Ryan,GO14085
Asteroid.Trojan.Santorini,13,200173564,200173842,279,,asteroid-Trojan,Santorini,Asteroid.Trojan.Santorini,Santorini,19034|2554 P-L|Santorini,Ryan,GO13051
TROJAN (88227),6,200060227,200060504,278,,asteroid-Trojan,-88227,TROJAN (88227),88227,2001 BU42|88227,Ryan,GO6025
TROJAN (78159),6,200059041,200059316,276,,asteroid-Trojan,-78159,TROJAN (78159),78159,2002 NA28|78159,Ryan,GO6025
TROJAN (12974),6,200043448,200043720,273,,asteroid-Trojan,-12974,TROJAN (12974),12974,12974|1973 SB2|Halitherses,Ryan,GO6025
Asteroid.Trojan.2000 BA27,111|112,200110749,200132587,271,,asteroid-Trojan,2000 BA27,Asteroid.Trojan.2000 BA27,2000 BA27,18071|2000 BA27,Pal|Parker|Ryan,GO11114|GO11100|GO11051
Asteroid.Trojan.2000 AN146,111|112,200110544,200132385,268,,asteroid-Trojan,2000 AN146,Asteroid.Trojan.2000 AN146,2000 AN146,2000 AN146|23135,Pal|Parker|Ryan,GO11114|GO11100|GO11051
TROJAN (88241),6,200060505,200060772,268,,asteroid-Trojan,-88241,TROJAN (88241),88241,2001 CD23|88241,Ryan,GO6025
TROJAN (24357),6,200050358,200050618,261,,asteroid-Trojan,-24357,TROJAN (24357),24357,2000 AC115|24357,Ryan,GO6025
Asteroid.Trojan.2002 GS149,111|112,200120017,200140168,258,,asteroid-Trojan,2002 GS149,Asteroid.Trojan.2002 GS149,2002 GS149,141577|2002 GS149,Pal|Parker|Ryan,GO11114|GO11100|GO11051
PLANET.Uranus,8,200068402,200068655,254,,planet,Uranus,PLANET.Uranus,Uranus,899,Rowe,GO8034
TROJAN (63239),6,200057346,200057597,252,,asteroid-Trojan,-63239,TROJAN (63239),63239,2001 BD25|63239,Ryan,GO6025
TROJAN (57041),6,200056399,200056649,251,,asteroid-Trojan,-57041,TROJAN (57041),57041,2001 EN12|57041,Ryan,GO6025
TROJAN (21599),6,200048283,200048532,250,,asteroid-Trojan,-21599,TROJAN (21599),21599,1998 WA15|21599,Ryan,GO6025
Asteroid.Trojan.2006 UB219,13,200171597,200171846,250,,asteroid-Trojan,2006 UB219,Asteroid.Trojan.2006 UB219,2006 UB219,185290|2006 UB219,Ryan,GO13051
Comet.2014 F3,15,200190172,200190420,249,,comet,2014 F3,Comet.2014 F3,2014 F3,2014 F3|C/2014 F3|Sheppard-Trujillo,Ryan,GO15086
Asteroid.Trojan.1997 XX3,12,200150088,200150336,249,,asteroid-Trojan,1997 XX3,Asteroid.Trojan.1997 XX3,1997 XX3,16843|1997 XX3,Ryan,GO12051
TROJAN (21593),6,200048037,200048282,246,,asteroid-Trojan,-21593,TROJAN (21593),21593,1998 VL27|21593,Ryan,GO6025
TROJAN (35363),6,200051569,200051813,245,,asteroid-Trojan,-35363,TROJAN (35363),35363,1997 TV28|35363,Ryan,GO6025
Comet.202P,14,200178858,200179102,245,,comet,202P,Comet.202P,202P,,Ryan,GO14086
Asteroid.Trojan.2009 UR154,15,200187855,200188097,243,,asteroid-Trojan,2009 UR154,Asteroid.Trojan.2009 UR154,2009 UR154,2009 UR154|296787,Ryan,GO15085
TROJAN (22056),6,200048533,200048774,242,,asteroid-Trojan,-22056,TROJAN (22056),22056,2000 AU31|22056,Ryan,GO6025
TROJAN (15626),6,200047087,200047328,242,,asteroid-Trojan,-15626,TROJAN (15626),15626,15626|2000 HR50,Ryan,GO6025
Asteroid.Trojan.2001 QK43,111|112,200117754,200137915,241,,asteroid-Trojan,2001 QK43,Asteroid.Trojan.2001 QK43,2001 QK43,2001 QK43|217039,Pal|Parker|Ryan,GO11114|GO11100|GO11051
Comet.94P,15,200192328,200192567,240,,comet,94P,Comet.94P,94P,,Ryan,GO15086
Asteroid.Trojan.Podarkes,111|112,200127902,200146443,240,,asteroid-Trojan,Podarkes,Asteroid.Trojan.Podarkes,Podarkes,13062|1991 HN|Podarkes,Parker|Ryan,GO11100|GO11051
TNO.2015 BZ518,15,200191257,200191493,237,,TNO,2015 BZ518,TNO.2015 BZ518,2015 BZ518,2015 BZ518,Pal|Grundy,GO15098|GO15073
TROJAN (24537),6,200051169,200051405,237,,asteroid-Trojan,-24537,TROJAN (24537),24537,2001 CB35|24537,Ryan,GO6025
Trojan 2000 QG199,7,200061226,200061462,237,,asteroid-Trojan, 2000 QG199,Trojan 2000 QG199,2000 QG199,2000 QG199|98002,Ryan,GO7025
TROJAN (5028),6,200054674,200054908,235,,asteroid-Trojan,-5028,TROJAN (5028),5028,1988 BY1|5028|Halaesus,Ryan,GO6025
Asteroid.Trojan.2001 SW273,12,200153188,200153422,235,,asteroid-Trojan,2001 SW273,Asteroid.Trojan.2001 SW273,2001 SW273,131502|2001 SW273,Ryan,GO12051
TROJAN (8241),6,200059317,200059550,234,,asteroid-Trojan,-8241,TROJAN (8241),8241,1973 SE1|8241|Agrius,Ryan,GO6025
Pluto,7,200062594,200062827,234,,TNO,Pluto,Pluto,Pluto,999,Benecchi,GO7012
TROJAN (65210),6,200057598,200057827,230,,asteroid-Trojan,-65210,TROJAN (65210),65210,2002 EG|65210|Stichius,Ryan,GO6025
TNO.2013 PH44,12,200158051,200158278,228,,TNO,2013 PH44,TNO.2013 PH44,2013 PH44,2013 PH44|471931,Pal,GO12114
TNO.2000 OG44,14,200177188,200177411,224,,TNO,2000 OG44,TNO.2000 OG44,2000 OG44,18916|2000 OG44,Pal,GO14098
Asteroid.Hilda.86435,14,200181723,200181946,224,,asteroid-Hilda,86435,Asteroid.Hilda.86435,86435,2000 CL9|86435,Ryan,GO14085
Asteroid.Trojan.2002 EL153,111|112,200118822,200138983,218,,asteroid-Trojan,2002 EL153,Asteroid.Trojan.2002 EL153,2002 EL153,2002 EL153|57920,Pal|Parker|Ryan,GO11114|GO11100|GO11051
TROJAN (38574),6,200052249,200052466,218,,asteroid-Trojan,-38574,TROJAN (38574),38574,1999 WS4|38574,Ryan,GO6025
Asteroid.Trojan.2007 RJ283,111|112,200121752,200141111,218,,asteroid-Trojan,2007 RJ283,Asteroid.Trojan.2007 RJ283,2007 RJ283,2007 RJ283|236878,Pal|Parker|Ryan,GO11114|GO11100|GO11051
TROJAN (11251),6,200042015,200042231,217,,asteroid-Trojan,-11251,TROJAN (11251),11251,11251|1973 SN1|Icarion,Ryan,GO6025
Asteroid.Trojan.2000 BV1,111|112,200111152,200132961,217,,asteroid-Trojan,2000 BV1,Asteroid.Trojan.2000 BV1,2000 BV1,103508|2000 BV1,Pal|Parker|Ryan,GO11114|GO11100|GO11051
TROJAN (39286),6,200052761,200052975,215,,asteroid-Trojan,-39286,TROJAN (39286),39286,2001 CX6|39286,Ryan,GO6025
Asteroid.Trojan.2000 QK57,12,200151255,200151469,215,,asteroid-Trojan,2000 QK57,Asteroid.Trojan.2000 QK57,2000 QK57,2000 QK57|76811,Ryan,GO12051
Asteroid.Trojan.Bredthauer,12,200160958,200161172,215,,asteroid-Trojan,Bredthauer,Asteroid.Trojan.Bredthauer,Bredthauer,16915|1998 FR10|Bredthauer,Ryan,GO12051
TROJAN (4035),6,200053782,200053995,214,,asteroid-Trojan,-4035,TROJAN (4035),4035,1986 WD|4035,Ryan,GO6025
Asteroid.Trojan.2000 KE9,111|112,200112258,200133563,212,,asteroid-Trojan,2000 KE9,Asteroid.Trojan.2000 KE9,2000 KE9,2000 KE9|51284,Pal|Parker|Ryan,GO11114|GO11100|GO11051
TNO.2014 LS28,15,200190716,200190927,212,,TNO,2014 LS28,TNO.2014 LS28,2014 LS28,2014 LS28,Grundy,GO15073
Asteroid.Hilda.2001 HG21,15,200186113,200186323,211,,asteroid-Hilda,2001 HG21,Asteroid.Hilda.2001 HG21,2001 HG21,176158|2001 HG21,Ryan,GO15085
Asteroid.Hilda.2000 DC45,15,200185908,200186112,205,,asteroid-Hilda,2000 DC45,Asteroid.Hilda.2000 DC45,2000 DC45,2000 DC45|92283,Ryan,GO15085
Asteroid.Hilda.60381,14,200180700,200180903,204,,asteroid-Hilda,60381,Asteroid.Hilda.60381,60381,2000 AX180|60381,Ryan,GO14085
Asteroid.Hilda.1992 DJ6,15,200185005,200185206,202,,asteroid-Hilda,1992 DJ6,Asteroid.Hilda.1992 DJ6,1992 DJ6,178295|1992 DJ6,Ryan,GO15085
Asteroid.Hilda.2005 TN125,15,200187137,200187338,202,,asteroid-Hilda,2005 TN125,Asteroid.Hilda.2005 TN125,2005 TN125,147836|2005 TN125,Ryan,GO15085
Asteroid.Trojan.2008 SA192,111|112,200122057,200141446,202,,asteroid-Trojan,2008 SA192,Asteroid.Trojan.2008 SA192,2008 SA192,2008 SA192|228103,Pal|Parker|Ryan,GO11114|GO11100|GO11051
Asteroid.Hilda.119942,14,200174511,200174707,197,,asteroid-Hilda,119942,Asteroid.Hilda.119942,119942,119942|2002 GJ129,Ryan,GO14085
Asteroid.Hilda.Muskau,15,200192731,200192926,196,,asteroid-Hilda,Muskau,Asteroid.Hilda.Muskau,Muskau,29053|4466 T-2|Muskau,Ryan,GO15085
Asteroid.Trojan.2004 CV2,12,200156662,200156854,193,,asteroid-Trojan,2004 CV2,Asteroid.Trojan.2004 CV2,2004 CV2,2004 CV2|90456,Ryan,GO12051
Asteroid.Hilda.2000 DC27,15,200185716,200185907,192,,asteroid-Hilda,2000 DC27,Asteroid.Hilda.2000 DC27,2000 DC27,152900|2000 DC27,Ryan,GO15085
Asteroid.Hilda.141557,14,200175254,200175444,191,,asteroid-Hilda,141557,Asteroid.Hilda.141557,141557,141557|2002 GY69,Ryan,GO14085
TROJAN (1749),6,200047847,200048036,190,,asteroid-Trojan,-1749,TROJAN (1749),1749,1749|1949 SB|Telamon,Ryan,GO6025
Asteroid.373,14,200180071,200180260,190,,asteroid-Main Belt,373 Melusina,Asteroid.373,373,1893 AJ|373|Melusina,Marciniak,GO14059
Asteroid.Trojan.116567,14,200174205,200174391,187,,asteroid-Trojan,116567,Asteroid.Trojan.116567,116567,116567|2004 BV84,Ryan,GO14085
Moon.Titan,111|112,200128938,200147463,185,,moon,Titan,Moon.Titan,Titan,,Parker,GO11100
TROJAN (1143),6,200042598,200042780,183,,asteroid-Trojan,-1143,TROJAN (1143),1143,1143|1930 BH|Odysseus,Ryan,GO6025
TROJAN (65227),6,200058002,200058179,178,,asteroid-Trojan,-65227,TROJAN (65227),65227,2002 ES46|65227,Ryan,GO6025
Asteroid.Hilda.2008 CW119,15,200187528,200187704,177,,asteroid-Hilda,2008 CW119,Asteroid.Hilda.2008 CW119,2008 CW119,2008 CW119|249182,Ryan,GO15085
Asteroid.Hilda.13035,14,200174823,200174998,176,,asteroid-Hilda,13035,Asteroid.Hilda.13035,13035,13035|1989 UA6,Ryan,GO14085
TROJAN (65223),6,200057828,200058001,174,,asteroid-Trojan,-65223,TROJAN (65223),65223,2002 EU34|65223,Ryan,GO6025
Asteroid.Trojan.2002 XF45,111|112,200120840,200140775,174,,asteroid-Trojan,2002 XF45,Asteroid.Trojan.2002 XF45,2002 XF45,2002 XF45|218241,Pal|Parker|Ryan,GO11114|GO11100|GO11051
TNO.2002 GP32,111|112,200119931,200140039,172,,TNO,2002 GP32,TNO.2002 GP32,2002 GP32,2002 GP32,Pal|Parker|Ryan,GO11114|GO11100|GO11051
TNO.2010 JJ124,111|112,200123655,200142330,171,,TNO,2010 JJ124,TNO.2010 JJ124,2010 JJ124,2010 JJ124,Pal|Parker|Ryan,GO11114|GO11100|GO11051
TNO.Ixion,111|112,200125242,200143834,170,,TNO,Ixion,TNO.Ixion,Ixion,2001 KX76|28978|Ixion,Pal|Parker|Ryan,GO11114|GO11100|GO11051
Asteroid.Hilda.1988 SX2,15,200184741,200184909,169,,asteroid-Hilda,1988 SX2,Asteroid.Hilda.1988 SX2,1988 SX2,11274|1988 SX2|Castillo-Rogez,Ryan,GO15085
TNO.2005 LC54,111|112,200121120,200140858,164,,TNO,2005 LC54,TNO.2005 LC54,2005 LC54,2005 LC54,Pal|Parker|Ryan,GO11114|GO11100|GO11051
Asteroid.Fantasia,15,200192568,200192730,163,,,,Asteroid.Fantasia,Fantasia,1224|Fantasia|1927 SD,Marciniak,GO15059
TROJAN (353363),6,200051406,200051568,163,,asteroid-Trojan,-353363,TROJAN (353363),353363,2010 XP50|353363,Ryan,GO6025
TROJAN (5244),6,200055721,200055881,161,,asteroid-Trojan,-5244,TROJAN (5244),5244,1973 SQ1|5244|Amphilochos,Ryan,GO6025
TNO.2014 WJ510,14,200178152,200178312,161,,TNO,2014 WJ510,TNO.2014 WJ510,2014 WJ510,2014 WJ510,Pal,GO14098
MOON.Caliban,8,200067922,200068080,159,,moon,Caliban,MOON.Caliban,Caliban,,,
MOON.Prospero,8,200068129,200068284,156,,moon,Prospero,MOON.Prospero,Prospero,,,
Asteroid.Trojan.2008 TJ126,111|112,200122542,200141918,155,,asteroid-Trojan,2008 TJ126,Asteroid.Trojan.2008 TJ126,2008 TJ126,2008 TJ126|315949,Pal|Parker|Ryan,GO11114|GO11100|GO11051
Asteroid.Trojan.Tlepolemos,111|112,200128101,200146607,153,,asteroid-Trojan,Tlepolemos,Asteroid.Trojan.Tlepolemos,Tlepolemos,15651|9612 P-L|Tlepolemos,Parker|Ryan,GO11100|GO11051
Asteroid.Trojan.Peiraios,111|112,200127502,200146013,152,,asteroid-Trojan,Peiraios,Asteroid.Trojan.Peiraios,Peiraios,12658|1973 SL|Peiraios,Parker|Ryan,GO11100|GO11051
Asteroid.Trojan.2008 SO47,15,200187705,200187854,150,,asteroid-Trojan,2008 SO47,Asteroid.Trojan.2008 SO47,2008 SO47,2008 SO47|246550,Ryan,GO15085
Asteroid.Trojan.111113,14,200173958,200174106,149,,asteroid-Trojan,111113,Asteroid.Trojan.111113,111113,111113|2001 VK85,Ryan,GO14085
TNO.2001 KA77,111|112,200114742,200135050,148,,TNO,2001 KA77,TNO.2001 KA77,2001 KA77,2001 KA77,Pal|Parker|Ryan,GO11114|GO11100|GO11051
TNO.2010 GX34,111|112,200123581,200142244,148,,TNO,2010 GX34,TNO.2010 GX34,2010 GX34,2010 GX34,Pal|Parker|Ryan,GO11114|GO11100|GO11051
TNO.2008 CS190,14,200177428,200177575,148,,TNO,2008 CS190,TNO.2008 CS190,2008 CS190,2008 CS190|470523,Pal,GO14098
Asteroid.Neujmina,15,200192927,200193071,145,,,,Asteroid.Neujmina,Neujmina,1129 Neujmina (1929 PH),Marciniak,GO15059
Asteroid.Hilda.146961,14,200175445,200175587,143,,asteroid-Hilda,146961,Asteroid.Hilda.146961,146961,146961|2002 GH129,Ryan,GO14085
Asteroid.Hilda.2003 QE57,15,200186997,200187136,140,,asteroid-Hilda,2003 QE57,Asteroid.Hilda.2003 QE57,2003 QE57,114954|2003 QE57,Ryan,GO15085
TNO.2012 VU85,13,200172458,200172596,139,,TNO,2012 VU85,TNO.2012 VU85,2012 VU85,2012 VU85|463368,Pal,GO13114
Asteroid.Trojan.131635,14,200174999,200175137,139,,asteroid-Trojan,131635,Asteroid.Trojan.131635,131635,131635|2001 XW71,Ryan,GO14085
TROJAN (3801),6,200052111,200052248,138,,asteroid-Trojan,-3801,TROJAN (3801),3801,1985 VS|3801|Thrasymedes,Ryan,GO6025
Asteroid.Trojan.2000 AQ231,111|112,200110678,200132451,137,,asteroid-Trojan,2000 AQ231,Asteroid.Trojan.2000 AQ231,2000 AQ231,2000 AQ231|26486,Pal|Parker|Ryan,GO11114|GO11100|GO11051
Asteroid.Hilda.208290,14,200179228,200179361,134,,asteroid-Hilda,208290,Asteroid.Hilda.208290,208290,2001 DH1|208290,Ryan,GO14085
Asteroid.Hilda.174074,14,200175588,200175719,132,,asteroid-Hilda,174074,Asteroid.Hilda.174074,174074,174074|2002 EO133,Ryan,GO14085
TROJAN (5652),6,200056267,200056398,132,,asteroid-Trojan,-5652,TROJAN (5652),5652,1992 HS3|5652|Amphimachus,Ryan,GO6025
Asteroid.Trojan.1997 XR13,111|112,200107462,200129367,131,,asteroid-Trojan,1997 XR13,Asteroid.Trojan.1997 XR13,1997 XR13,1997 XR13|52645,Pal|Parker|Ryan,GO11114|GO11100|GO11051
TROJAN (23947),6,200049926,200050052,127,,asteroid-Trojan,-23947,TROJAN (23947),23947,1998 UH16|23947,Ryan,GO6025
TROJAN (10989),6,200041889,200042014,126,,asteroid-Trojan,-10989,TROJAN (10989),10989,10989|1973 SL1|Dolios,Ryan,GO6025
Asteroid.Hilda.207644,14,200179103,200179227,125,,asteroid-Hilda,207644,Asteroid.Hilda.207644,207644,2006 UW322|207644,Ryan,GO14085
Asteroid.Trojan.2007 TP371,111|112,200122000,200141345,124,,asteroid-Trojan,2007 TP371,Asteroid.Trojan.2007 TP371,2007 TP371,200046|2007 TP371,Pal|Parker|Ryan,GO11114|GO11100|GO11051
Asteroid.Stereoskopia,15,200194788,200194909,122,,,,Asteroid.Stereoskopia,Stereoskopia,566|Stereoskopia|1905 QO,Marciniak,GO15059
Asteroid.Hilda.117113,14,200174392,200174510,119,,asteroid-Hilda,117113,Asteroid.Hilda.117113,117113,117113|2004 PG11,Ryan,GO14085
TROJAN (4138),6,200054063,200054180,118,,asteroid-Trojan,-4138,TROJAN (4138),4138,1973 SM|4138|Kalchas,Ryan,GO6025
Asteroid.Hilda.134652,14,200175138,200175253,116,,asteroid-Hilda,134652,Asteroid.Hilda.134652,134652,134652|1999 VT37,Ryan,GO14085
Asteroid.Hilda.120962,14,200174708,200174822,115,,asteroid-Hilda,120962,Asteroid.Hilda.120962,120962,120962|1998 VM11,Ryan,GO14085
Asteroid.Hilda.174089,14,200176002,200176115,114,,asteroid-Hilda,174089,Asteroid.Hilda.174089,174089,174089|2002 GX137,Ryan,GO14085
Asteroid.Hilda.Mauderli,14,200182015,200182128,114,,asteroid-Hilda,Mauderli,Asteroid.Hilda.Mauderli,Mauderli,1748|1966 RA|Mauderli,Ryan,GO14085
TNO.2002 KX14,111|112,200120300,200140224,113,,TNO,2002 KX14,TNO.2002 KX14,2002 KX14,119951|2002 KX14,Pal|Parker|Ryan,GO11114|GO11100|GO11051
TNO.385437,15,200191494,200191604,111,,TNO,385437,TNO.385437,385437,2003 GH55|385437,Pal|Grundy,GO15098|GO15073
Asteroid.Trojan.76820,14,200181013,200181123,111,,asteroid-Trojan,76820,Asteroid.Trojan.76820,76820,2000 RW105|76820,Ryan,GO14085
Asteroid.Hilda.63293,14,200180904,200181012,109,,asteroid-Hilda,63293,Asteroid.Hilda.63293,63293,2001 DT89|63293,Ryan,GO14085
TNO.2014 GJ54,15,200190421,200190529,109,,TNO,2014 GJ54,TNO.2014 GJ54,2014 GJ54,2014 GJ54,Pal,GO15098
Asteroid.Hilda.177640,14,200176116,200176224,109,,asteroid-Hilda,177640,Asteroid.Hilda.177640,177640,177640|2004 NX10,Ryan,GO14085
TNO.2003 QA92,12,200156555,200156661,107,,TNO,2003 QA92,TNO.2003 QA92,2003 QA92,2003 QA92,Pal,GO12114
Comet.P2010 TO20,14,200182129,200182234,106,,comet,P2010 TO20,Comet.P2010 TO20,P2010 TO20,,Ryan,GO14086
Asteroid.Trojan.2001 SZ250,12,200153423,200153528,106,,asteroid-Trojan,2001 SZ250,Asteroid.Trojan.2001 SZ250,2001 SZ250,2001 SZ250|77892,Ryan,GO12051
TNO.2009 YG19,13,200172356,200172457,102,,TNO,2009 YG19,TNO.2009 YG19,2009 YG19,2009 YG19,Pal,GO13114
TNO.2004 TV357,13,200171459,200171560,102,,TNO,2004 TV357,TNO.2004 TV357,2004 TV357,2004 TV357,Pal,GO13114
TNO.2014 JQ80,15,200190618,200190715,98,,TNO,2014 JQ80,TNO.2014 JQ80,2014 JQ80,2014 JQ80,Pal,GO15098
Asteroid.Trojan.111231,14,200174107,200174204,98,,asteroid-Trojan,111231,Asteroid.Trojan.111231,111231,111231|2001 WM60,Ryan,GO14085
Asteroid.Trojan.76835,14,200181124,200181220,97,,asteroid-Trojan,76835,Asteroid.Trojan.76835,76835,2000 SH255|76835,Ryan,GO14085
Asteroid.Trojan.301013,14,200179362,200179457,96,,asteroid-Trojan,301013,Asteroid.Trojan.301013,301013,2008 JJ18|301013,Ryan,GO14085
Asteroid.Trojan.2002 EN37,111|112,200118931,200139028,90,,asteroid-Trojan,2002 EN37,Asteroid.Trojan.2002 EN37,2002 EN37,195245|2002 EN37,Pal|Parker|Ryan,GO11114|GO11100|GO11051
TNO.2014 DJ143,15,200189608,200189696,89,,TNO,2014 DJ143,TNO.2014 DJ143,2014 DJ143,2014 DJ143,Pal,GO15098
TNO.2004 TF282,13,200171371,200171458,88,,TNO,2004 TF282,TNO.2004 TF282,2004 TF282,2004 TF282,Pal,GO13114
TNO.2014 HF200,15,200190530,200190617,88,,TNO,2014 HF200,TNO.2014 HF200,2014 HF200,2014 HF200,Pal,GO15098
TNO.2005 TB190,12,200156855,200156942,88,,TNO,2005 TB190,TNO.2005 TB190,2005 TB190,145480|2005 TB190,Pal,GO12114
TNO.2000 OK67,12,200150877,200150963,87,,TNO,2000 OK67,TNO.2000 OK67,2000 OK67,138537|2000 OK67,Pal,GO12114
TNO.2001 QB298,12,200152385,200152470,86,,TNO,2001 QB298,TNO.2001 QB298,2001 QB298,2001 QB298|385266,Pal,GO12114
TNO.2002 VS130,13,200171141,200171223,83,,TNO,2002 VS130,TNO.2002 VS130,2002 VS130,149348|2002 VS130,Pal,GO13114
TNO.2014 WA509,14,200177576,200177656,81,,TNO,2014 WA509,TNO.2014 WA509,2014 WA509,2014 WA509,Grundy,GO14073
TNO.2002 VT130,13,200171224,200171302,79,,TNO,2002 VT130,TNO.2002 VT130,2002 VT130,2002 VT130|508869,Pal,GO13114
TNO.2002 GJ32,15,200186920,200186996,77,,TNO,2002 GJ32,TNO.2002 GJ32,2002 GJ32,182934|2002 GJ32,Pal,GO15098
TROJAN (39289),6,200052976,200053050,75,,asteroid-Trojan,-39289,TROJAN (39289),39289,2001 CT28|39289,Ryan,GO6025
TROJAN (14690),6,200046040,200046112,73,,asteroid-Trojan,-14690,TROJAN (14690),14690,14690|2000 AR25,Ryan,GO6025
TNO.2002 VU130,13,200171303,200171370,68,,TNO,2002 VU130,TNO.2002 VU130,2002 VU130,2002 VU130|307463,Pal,GO13114
Asteroid.Hilda.Janeausten,14,200181947,200182014,68,,asteroid-Hilda,Janeausten,Asteroid.Hilda.Janeausten,Janeausten,39415|4231 T-1|Janeausten,Ryan,GO14085
TROJAN (4057),6,200053996,200054062,67,,asteroid-Trojan,-4057,TROJAN (4057),4057,1985 TQ|4057|Demophon,Ryan,GO6025
MOON.Setebos,8,200068285,200068350,66,,moon,Setebos,MOON.Setebos,Setebos,,,
TROJAN (13331),6,200044120,200044183,64,,asteroid-Trojan,-13331,TROJAN (13331),13331,13331|1998 SU52,Ryan,GO6025
TNO.2001 QX297,12,200152518,200152577,60,,TNO,2001 QX297,TNO.2001 QX297,2001 QX297,2001 QX297,Pal,GO12114
TNO.2005 RS43,8,200065610,200065665,56,,TNO,2005 RS43,TNO.2005 RS43,2005 RS43,2005 RS43|308379,Kiss,GO8075
TROJAN (14791),6,200046113,200046166,54,,asteroid-Trojan,-14791,TROJAN (14791),14791,14791|1973 SU|Atreus,Ryan,GO6025
TNO.1998 SN165,8,200062904,200062956,53,,TNO,1998 SN165,TNO.1998 SN165,1998 SN165,1998 SN165|35671,Kiss,GO8075
TNO.2001 QJ298,12,200152471,200152517,47,,TNO,2001 QJ298,TNO.2001 QJ298,2001 QJ298,2001 QJ298|408832,Pal,GO12114
MOON.Sycorax,8,200068351,200068391,41,,moon,Sycorax,MOON.Sycorax,Sycorax,,,
TROJAN (13184),6,200043721,200043758,38,,asteroid-Trojan,-13184,TROJAN (13184),13184,13184|1996 TS49|Augeias,Ryan,GO6025
TNO.2004 XR190,13,200171561,200171596,36,,TNO,2004 XR190,TNO.2004 XR190,2004 XR190,2004 XR190,Pal,GO13114
TNO.2001 QT322,8,200065548,200065578,31,,TNO,2001 QT322,TNO.2001 QT322,2001 QT322,135182|2001 QT322,Kiss,GO8075
TNO.2003 QW90,8,200065579,200065609,31,,TNO,2003 QW90,TNO.2003 QW90,2003 QW90,2003 QW90|307616,Kiss,GO8075
Asteroid.Trojan.Phemios,111,200127578,200127608,31,,asteroid-Trojan,Phemios,Asteroid.Trojan.Phemios,Phemios,10664|5187 T-2|Phemios,Ryan,GO11051
TROJAN (9807),6,200060773,200060802,30,,asteroid-Trojan,-9807,TROJAN (9807),9807,1997 SJ4|9807,Ryan,GO6025
TNO.2002 CY224,14,200177412,200177427,16,,TNO,2002 CY224,TNO.2002 CY224,2002 CY224,119878|2002 CY224,Pal,GO14098
TNO (225088) 2007 OR10,3,200004467,200004467,1,,TNO, (225088) 2007 OR10,2007 OR10,2007 OR10,,,
2002 GV31,1,200001049,200001049,1,,TNO,2002 GV31,2002 GV31,2002 GV31,2002 GV31|469438,,
